Workbook

Sheet Problem Statistics
A1: Airline | B1: Azul Linhas Aereas Brasileiras | C1: Gol Linhas Aereas | D1: LATAM Brasil | E1: Combined Brazilian National Airline
A2: Routes | B2: 904 | C2: 546 | D2: 430 | E2: 1413
A3: Airports | B3: 109 | C3: 66 | D3: 57 | E3: 166
A4: Fleet Size | B4: 131 | C4: 114 | D4: 162 | E4: 447
A5: Aircraft Types | B5: 5 | C5: 3 | D5: 6 | E5: 19
A6: Passengers (million) | B6: 29.71 | C6: 28.87 | D6: 35.3 | E6: 94.81
A7: Revenue Passenger-kms (billion RPKs) | B7: 30.35 | C7: 31.54 | D7: 39.58 | E7: 101.93
A8: Available Seat-kms (billion ASKs) | B8: 36.93 | C8: 37.26 | D8: 47.33 | E8: 122.19
A9: Baseline Load Factor (%) | B9: 0.822 | C9: 0.847 | D9: 0.836 | E9: 0.834
A10: Number of Variables | B10: 6328 | C10: 1638 | D10: 2580 | E10: 26847
A11: Number of Constraints | B11: 2466 | C11: 1346 | D11: 1470 | E11: 3929
A12: Optimization Runtime (s) | B12: ='LF Sensitivity'!B10 -> 74.66 | C12: ='LF Sensitivity'!G11 -> 3.77 | D12: ='LF Sensitivity'!E12 -> 39.63 | E12: ='LF Sensitivity'!D13 -> 257.84
A13: Optimality Gap (%) | B13: 0 | C13: 0 | D13: 0 | E13: 0
A14: 2024 System-wide Fuel Consumption (million L) | B14: 994 | C14: 943 | D14: 1358 | E14: 3323
A15: Optimized System-wide Fuel Consumption (million L) | B15: 971 | C15: 931 | D15: 1340 | E15: 3227
A16: 2024 System-wide Fuel Intensity (L/RPK) | B16: 0.033 | C16: 0.03 | D16: 0.034 | E16: 0.033
A17: Optimized System-wide Fuel Intensity (L/RPK) | B17: 0.032 | C17: 0.03 | D17: 0.034 | E17: 0.032
A18: System-wide Fuel Consumption Reduction (%) | B18: ='LF Sensitivity'!B3 -> -2.29075 | C18: ='LF Sensitivity'!G4 -> -1.25518 | D18: ='LF Sensitivity'!E5 -> -1.28441 | E18: ='LF Sensitivity'!D6 -> -2.88776

Sheet Average Stage Length
A1: Airline | B1: Azul Linhas Aereas Brasileiras | E1: Gol Linhas Aereas | H1: LATAM Brasil | K1: Combined Brazilian National Airline
A2: Average Stage Length (km) | B2: Current | C2: Optimized | D2: % Change | E2: Current | F2: Optimized | G2: % Change | H2: Current | I2: Optimized | J2: % Change | K2: Current | L2: Optimized | M2: % Change
A3: A320NEO | B3: 1358 | C3: 1481 | D3: =(C3-B3)/B3 -> 0.090574374 | H3: 1079 | I3: 2185 | J3: =(I3-H3)/H3 -> 1.0250232 | K3: 1293 | L3: 1821 | M3: =(L3-K3)/K3 -> 0.40835267
A4: A321NEO | B4: 2025 | C4: 2496 | D4: =(C4-B4)/B4 -> 0.23259259 | H4: 1400 | I4: 2372 | J4: =(I4-H4)/H4 -> 0.69428571 | K4: 1604 | L4: 2392 | M4: =(L4-K4)/K4 -> 0.49127182
A5: A319CEO | H5: 753 | I5: 399 | J5: =(I5-H5)/H5 -> -0.47011952 | K5: 753 | L5: 375 | M5: =(L5-K5)/K5 -> -0.50199203
A6: A320CEO | H6: 1012 | I6: 1261 | J6: =(I6-H6)/H6 -> 0.24604743 | K6: 1012 | L6: 606 | M6: =(L6-K6)/K6 -> -0.40118577
A7: A321CEO | H7: 1369 | I7: 842 | J7: =(I7-H7)/H7 -> -0.38495252 | K7: 1369 | L7: 1135 | M7: =(L7-K7)/K7 -> -0.17092768
A8: A330-200 | B8: 2005 | C8: 496 | D8: =(C8-B8)/B8 -> -0.75261845 | K8: 2005 | L8: 331 | M8: =(L8-K8)/K8 -> -0.83491272
A9: A330-900 | B9: 1970 | C9: 497 | D9: =(C9-B9)/B9 -> -0.74771574 | K9: 1970 | L9: 858 | M9: =(L9-K9)/K9 -> -0.56446701
A10: ATR42-500 | K10: 548 | L10: 389 | M10: =(L10-K10)/K10 -> -0.29014599
A11: ATR72-500 | K11: 447 | L11: 406 | M11: =(L11-K11)/K11 -> -0.091722595
A12: ATR72-600 | B12: 388 | C12: 554 | D12: =(C12-B12)/B12 -> 0.42783505 | K12: 391 | L12: 539 | M12: =(L12-K12)/K12 -> 0.37851662
A13: B737-8 | E13: 1199 | F13: 1885 | G13: =(F13-E13)/E13 -> 0.57214345 | K13: 1199 | L13: 2189 | M13: =(L13-K13)/K13 -> 0.82568807
A14: B737-300 | K14: 1587 | L14: 478 | M14: =(L14-K14)/K14 -> -0.69880277
A15: B737-500 | K15: 1051 | L15: 0 | M15: =(L15-K15)/K15 -> -1
A16: B737-700 | E16: 704 | F16: 518 | G16: =(F16-E16)/E16 -> -0.26420455 | K16: 704 | L16: 397 | M16: =(L16-K16)/K16 -> -0.43607955
A17: B737-800 | E17: 1013 | F17: 746 | G17: =(F17-E17)/E17 -> -0.26357354 | K17: 1013 | L17: 1126 | M17: =(L17-K17)/K17 -> 0.11154985
A18: B787-9 | H18: 2347 | I18: 311 | J18: =(I18-H18)/H18 -> -0.86749041 | K18: 2347 | L18: 681 | M18: =(L18-K18)/K18 -> -0.70984235
A19: C208 | K19: 328 | L19: 466 | M19: =(L19-K19)/K19 -> 0.42073171
A20: E195 | B20: 550 | C20: 339 | D20: =(C20-B20)/B20 -> -0.38363636 | K20: 550 | L20: 292 | M20: =(L20-K20)/K20 -> -0.46909091
A21: E195-E2 | B21: 775 | C21: 762 | D21: =(C21-B21)/B21 -> -0.016774194 | K21: 775 | L21: 796 | M21: =(L21-K21)/K21 -> 0.027096774
A22: System-wide | B22: 859 | C22: 859.632 | D22: =(C22-B22)/C22 -> 0.00073519832 | E22: 1044 | F22: 1044 | G22: =(F22-E22)/E22 -> 0 | H22: 1071 | I22: 1070.43 | J22: =(I22-H22)/H22 -> -0.00053221289 | K22: 950 | L22: 949 | M22: =(L22-K22)/K22 -> -0.0010526316

Sheet LF Sensitivity
A1: Airline | B1: Fuel Consumption Reduction (%)
B2: 0.822 | C2: 0.83 | D2: 0.834 | E2: 0.836 | F2: 0.84 | G2: 0.847 | H2: 0.85 | I2: 0.86 | J2: 0.87 | K2: 0.88 | L2: 0.89 | M2: 0.9
A3: Azul Linhas Aereas Brasileiras | B3: -2.29075 | C3: -3.29636 | F3: -4.04835 | H3: -4.72847 | I3: -5.16115 | J3: -5.33698 | K3: -5.33946 | L3: -5.33944 | M3: -5.33589
A4: Gol Linhas Aereas | G4: -1.25518 | H4: -1.2779 | I4: -1.33135 | J4: -1.33135 | K4: -1.33135 | L4: -1.33135 | M4: -1.33135
A5: LATAM Brasil | E5: -1.28441 | F5: -1.40526 | H5: -1.4248 | I5: -1.42489 | J5: -1.42591 | K5: -1.42465 | L5: -1.42562 | M5: -1.41806
A6: Combined Brazilian National Airline | D6: -2.88776 | F6: -3.61882 | H6: -4.714 | I6: -5.62265 | J6: -6.20938 | K6: -6.46816 | L6: -6.55037 | M6: -6.54994
A8: Airline | B8: Time (s)
B9: 0.822 | C9: 0.83 | D9: 0.834 | E9: 0.836 | F9: 0.84 | G9: 0.847 | H9: 0.85 | I9: 0.86 | J9: 0.87 | K9: 0.88 | L9: 0.89 | M9: 0.9
A10: Azul Linhas Aereas Brasileiras | B10: 74.66 | C10: 79.33 | F10: 72.77 | H10: 78.84 | I10: 75.74 | J10: 84.76 | K10: 93.12 | L10: 98.43 | M10: 87.36
A11: Gol Linhas Aereas | G11: 3.77 | H11: 2.96 | I11: 2.81 | J11: 2.87 | K11: 2.77 | L11: 2.78 | M11: 2.8
A12: LATAM Brasil | E12: 39.63 | F12: 38 | H12: 35.81 | I12: 36.65 | J12: 36.7 | K12: 35.39 | L12: 36.81 | M12: 36.77
A13: Combined Brazilian National Airline | D13: 257.84 | F13: 241.63 | H13: 284.51 | I13: 316.27 | J13: 243.47 | K13: 295.53 | L13: 277.05 | M13: 271.59
A15: Airline | B15: Load Factor Constraint - Slack (%)
B16: 0.822 | C16: 0.83 | D16: 0.834 | E16: 0.836 | F16: 0.84 | G16: 0.847 | H16: 0.85 | I16: 0.86 | J16: 0.87 | K16: 0.88 | L16: 0.89 | M16: 0.9
A17: Azul Linhas Aereas Brasileiras | B17: 0 | C17: 0 | F17: 0 | H17: 0 | I17: 0 | J17: 0.23 | K17: 1.36 | L17: 2.47 | M17: 3.55
A18: Gol Linhas Aereas | G18: 0 | H18: 0 | I18: 0.31 | J18: 1.46 | K18: 2.58 | L18: 3.67 | M18: 4.74
A19: LATAM Brasil | E19: 0 | F19: 0 | H19: 1.06 | I19: 2.21 | J19: 3.34 | K19: 4.44 | L19: 5.51 | M19: 6.57
A20: Combined Brazilian National Airline | D20: 0 | F20: 0 | H20: 0 | I20: 0 | J20: 0 | K20: 0 | L20: 0.42 | M20: 1.53

Sheet Utilization Sensitivity
A1: Airline | B1: Fuel Consumption Reduction (%)
B2: 1 | C2: 1.05 | D2: 1.1 | E2: 1.15 | F2: 1.2 | G2: 1.25 | H2: 1.3 | I2: 1.35 | J2: 1.4 | K2: 1.45 | L2: 1.5
A3: Azul Linhas Aereas Brasileiras | B3: -2.29075 | C3: -4.10742 | D3: -5.46016 | E3: -6.71481 | F3: -7.85646 | G3: -8.47602 | H3: -8.67619 | I3: -8.87331 | J3: -9.02723 | K3: -9.08229 | L3: -9.13131
A4: Gol Linhas Aereas | B4: -1.25518 | C4: -1.63361 | D4: -2.00048 | E4: -2.35955 | F4: -2.71319 | G4: -3.06207 | H4: -3.40854 | I4: -3.75235 | J4: -4.08805 | K4: -4.40921 | L4: -4.70754
A5: LATAM Brasil | B5: -1.28441 | C5: -1.77147 | D5: -2.16948 | E5: -2.55829 | F5: -2.94466 | G5: -3.3252 | H5: -3.70145 | I5: -4.07144 | J5: -4.42966 | K5: -4.70698 | L5: -4.97651
A6: Combined Brazilian National Airline | B6: -2.88776 | C6: -4.49041 | D6: -5.809 | E6: -6.76311 | F6: -7.46523 | G6: -8.1291 | H6: -8.76782 | I6: -9.37479 | J6: -9.849 | K6: -10.2202 | L6: -10.5829
A8: Airline | B8: Time (s)
B9: 1 | C9: 1.05 | D9: 1.1 | E9: 1.15 | F9: 1.2 | G9: 1.25 | H9: 1.3 | I9: 1.35 | J9: 1.4 | K9: 1.45 | L9: 1.5
A10: Azul Linhas Aereas Brasileiras | B10: 73.56 | C10: 100.98 | D10: 108.38 | E10: 115.88 | F10: 74.31 | G10: 115.95 | H10: 70.85 | I10: 119.96 | J10: 99.94 | K10: 107.17 | L10: 109.78
A11: Gol Linhas Aereas | B11: 3.87 | C11: 59.72 | D11: 58.9 | E11: 59.49 | F11: 50.24 | G11: 2.9 | H11: 3.35 | I11: 3.18 | J11: 2.26 | K11: 57.31 | L11: 58.75
A12: LATAM Brasil | B12: 39.62 | C12: 62.8 | D12: 51.63 | E12: 2.4 | F12: 2.54 | G12: 2.49 | H12: 52.2 | I12: 68.02 | J12: 62.05 | K12: 2.85 | L12: 2.32
A13: Combined Brazilian National Airline | B13: 257.24 | C13: 305.93 | D13: 271.48 | E13: 335.65 | F13: 354.2 | G13: 288.53 | H13: 441.99 | I13: 372.59 | J13: 257.77 | K13: 389.32 | L13: 380.28
A15: Airline | B15: Aircraft Utilization Constraints - Slack (%)
A16: Azul Linhas Aereas Brasileiras | B16: 1 | C16: 1.05 | D16: 1.1 | E16: 1.15 | F16: 1.2 | G16: 1.25 | H16: 1.3 | I16: 1.35 | J16: 1.4 | K16: 1.45 | L16: 1.5
A17: A320NEO | B17: 0 | C17: 0 | D17: 0 | E17: 0 | F17: 0 | G17: 0 | H17: 0 | I17: 0 | J17: 0.1 | K17: 5.42 | L17: 10.44
A18: A321NEO | B18: 0 | C18: 0.01 | D18: 0 | E18: 0 | F18: 0 | G18: 0 | H18: 0 | I18: 0 | J18: 0 | K18: 0 | L18: 0
A19: A330-200 | B19: 0 | C19: 0 | D19: 0 | E19: 0 | F19: 100 | G19: 0 | H19: 25.64 | I19: 100 | J19: 100 | K19: 100 | L19: 100
A20: A330-900 | B20: 0 | C20: 0 | D20: 0 | E20: 0 | F20: 0 | G20: 97.22 | H20: 100 | I20: 100 | J20: 100 | K20: 100 | L20: 100
A21: ATR72-600 | B21: 0.01 | C21: 0.01 | D21: 0.01 | E21: 0.01 | F21: 0.01 | G21: 0.01 | H21: 100 | I21: 100 | J21: 100 | K21: 100 | L21: 100
A22: E195 | B22: 1.04 | C22: 27.67 | D22: 50.02 | E22: 70.69 | F22: 89.63 | G22: 100 | H22: 100 | I22: 100 | J22: 100 | K22: 100 | L22: 100
A23: E195-E2 | B23: 0 | C23: 0 | D23: 0 | E23: 0 | F23: 0 | G23: 8.68 | H23: 28.47 | I23: 46.79 | J23: 63.52 | K23: 64.93 | L23: 66.09
A24: Gol Linhas Aereas
A25: B737-8 | B25: 0 | C25: 0 | D25: 0 | E25: 0 | F25: 0 | G25: 0 | H25: 0 | I25: 0 | J25: 0 | K25: 0 | L25: 0
A26: B737-700 | B26: 19.95 | C26: 32.04 | D26: 40 | E26: 40.76 | F26: 35.13 | G26: 38.38 | H26: 39.72 | I26: 41.15 | J26: 42.33 | K26: 42.34 | L26: 47.45
A27: B737-800 | B27: 0 | C27: 7.24 | D27: 14.49 | E27: 22.52 | F27: 31.27 | G27: 37.48 | H27: 43.57 | I27: 49.17 | J27: 54.4 | K27: 59.51 | L27: 63.16
A28: LATAM Aircraft Utilization Sensitiviity | B28: 1 | C28: 1.05 | D28: 1.1 | E28: 1.15 | F28: 1.2 | G28: 1.25 | H28: 1.3 | I28: 1.35 | J28: 1.4 | K28: 1.45 | L28: 1.5
A29: A320NEO | B29: 0 | C29: 0 | D29: 0 | E29: 0 | F29: 0 | G29: 0 | H29: 0 | I29: 0 | J29: 0 | K29: 0 | L29: 0
A30: A321NEO | B30: 0 | C30: 0 | D30: 0 | E30: 0 | F30: 0 | G30: 0 | H30: 0 | I30: 0 | J30: 0 | K30: 0 | L30: 0
A31: A319CEO | B31: 0 | C31: 0 | D31: 39.34 | E31: 51.9 | F31: 63.43 | G31: 73.85 | H31: 83.64 | I31: 92.69 | J31: 99.87 | K31: 99.99 | L31: 100
A32: A320CEO | B32: 0 | C32: 0 | D32: 0 | E32: 0 | F32: 0 | G32: 0 | H32: 0 | I32: 0 | J32: 0 | K32: 0 | L32: 3.86
A33: A321CEO | B33: 0 | C33: 0 | D33: 0 | E33: 0 | F33: 34.47 | G33: 43.08 | H33: 50.92 | I33: 58.17 | J33: 65.76 | K33: 77.25 | L33: 80.46
A34: B787-9 | B34: 19.55 | C34: 100 | D34: 100 | E34: 100 | F34: 100 | G34: 100 | H34: 100 | I34: 100 | J34: 100 | K34: 100 | L34: 100
A35: Combined Brazilian National Airline | B35: 1 | C35: 1.05 | D35: 1.1 | E35: 1.15 | F35: 1.2 | G35: 1.25 | H35: 1.3 | I35: 1.35 | J35: 1.4 | K35: 1.45 | L35: 1.5
A36: A320NEO | B36: 0 | C36: 0 | D36: 0 | E36: 0 | F36: 0 | G36: 0 | H36: 0 | I36: 0 | J36: 0 | K36: 0 | L36: 0
... A54: E195-E2 | B54: 0 | C54: 0 | D54: 0 | E54: 0 | F54: 0 | G54: 0 | H54: 0 | I54: 0 | J54: 0 | K54: 0 | L54: 0
